{"train_loss": 104.58734087149303, "_timestamp": 1718980770.5831642, "_runtime": 241.54419016838074, "_step": 10, "train_ari": 0.21423974964136888, "pretrain_ari": 0.14086927035327004, "_wandb": {"runtime": 241}}