{"train_ari": 0.00878319344630281, "_timestamp": 1718942860.2574449, "_runtime": 146.49072790145874, "_step": 0, "_wandb": {"runtime": 146}}