{"train_loss": 4376.482912699382, "_timestamp": 1718977405.4333155, "_runtime": 146.40720343589783, "_step": 5, "train_ari": 0.14762159372661607, "pretrain_ari": 0.17197580453801425, "_wandb": {"runtime": 145}}