{"train_loss": 108.25657697518666, "_timestamp": 1718976841.5369198, "_runtime": 217.25985074043274, "_step": 10, "train_ari": 0.19819947955937495, "pretrain_ari": 0.08929495623796631, "_wandb": {"runtime": 216}}