{"train_loss": 153.3227199713389, "_timestamp": 1718977030.4923482, "_runtime": 177.34359312057495, "_step": 5, "train_ari": 0.14762159372661607, "pretrain_ari": 0.14086927035327004, "_wandb": {"runtime": 176}}