{"train_loss": 53.92010355492433, "_timestamp": 1718983817.9416552, "_runtime": 166.21922612190247, "_step": 6, "train_ari": 0.167187372628793, "pretrain_ari": 0.16564633060886833, "_wandb": {"runtime": 165}}