{"train_loss": 3721.1779607137046, "_timestamp": 1718978684.9310577, "_runtime": 254.08002758026123, "_step": 8, "train_ari": 0.15861019773958435, "pretrain_ari": 0.17197580453801425, "_wandb": {"runtime": 253}}