{"train_ari": 0.13891022586223084, "_timestamp": 1718942206.8083231, "_runtime": 76.7722601890564, "_step": 0, "_wandb": {"runtime": 76}}