{"train_loss": 120.44462321201961, "_timestamp": 1718978057.3856523, "_runtime": 270.39622831344604, "_step": 7, "train_ari": 0.05650891701169128, "pretrain_ari": 0.04933879484862128, "_wandb": {"runtime": 269}}