{"train_loss": 83.6105118940274, "_timestamp": 1718978877.3744178, "_runtime": 181.163822889328, "_step": 5, "train_ari": -0.003060004811065289, "pretrain_ari": 0.0032433967689791867, "_wandb": {"runtime": 180}}