{"train_loss": 4041.2547086079917, "_timestamp": 1718982118.4689786, "_runtime": 263.60206365585327, "_step": 7, "train_ari": 0.14988217517692376, "pretrain_ari": 0.17197580453801425, "_wandb": {"runtime": 263}}