{"train_loss": 107.44926765561104, "_timestamp": 1718982822.5770864, "_runtime": 191.32404446601868, "_step": 6, "train_ari": -0.003060004811065289, "pretrain_ari": 0.15821162744188388, "_wandb": {"runtime": 190}}