{"train_loss": 2793.8893280029297, "_timestamp": 1718979620.756972, "_runtime": 296.19871711730957, "_step": 8, "train_ari": 0.15821162744188388, "pretrain_ari": 0.14762159372661607, "_wandb": {"runtime": 295}}