{"train_loss": 3306.9836629231772, "_timestamp": 1718981610.6983473, "_runtime": 207.9037263393402, "_step": 5, "train_ari": 0.14943907920311375, "pretrain_ari": 0.14762159372661607, "_wandb": {"runtime": 207}}