{"train_loss": 120.82040027777354, "_timestamp": 1718981391.0095997, "_runtime": 251.5653007030487, "_step": 6, "train_ari": 0.1550094194155651, "pretrain_ari": 0.14086927035327004, "_wandb": {"runtime": 250}}