{"train_loss": 117.47790916760762, "_timestamp": 1718942515.722529, "_runtime": 111.7795000076294, "_step": 6, "train_ari": 0.14988217517692376, "_wandb": {"runtime": 110}}