{"train_loss": 192.27748877803484, "_timestamp": 1718983474.7620184, "_runtime": 162.299658536911, "_step": 5, "train_ari": 0.14943907920311375, "pretrain_ari": 0.167187372628793, "_wandb": {"runtime": 161}}