{"train_loss": 4690.789723714192, "_timestamp": 1718978190.1852844, "_runtime": 124.7859833240509, "_step": 5, "train_ari": 0.13891022586223084, "pretrain_ari": 0.13891022586223084, "_wandb": {"runtime": 124}}