{"train_loss": 125.64636255304019, "_timestamp": 1718984073.5389307, "_runtime": 245.6042935848236, "_step": 7, "train_ari": 0.1642187596909927, "pretrain_ari": 0.167187372628793, "_wandb": {"runtime": 245}}