{"train_loss": 125.64636255304019, "_timestamp": 1718983880.8986924, "_runtime": 52.96405529975891, "_step": 5}