{"train_loss": 3686.152692159017, "_timestamp": 1718977533.9355428, "_runtime": 117.95890474319458, "_step": 4, "train_ari": 0.14943907920311375, "pretrain_ari": 0.14762159372661607, "_wandb": {"runtime": 117}}