{"train_loss": 75.20719879368941, "_timestamp": 1718976324.2328649, "_runtime": 97.19831895828247, "_step": 6, "train_ari": 0.22250578209079713, "pretrain_ari": 0.15821162744188388, "_wandb": {"runtime": 96}}