{"train_loss": 280.3525561094284, "_timestamp": 1718977779.8888388, "_runtime": 124.91414666175842, "_step": 6, "train_ari": 0.14943907920311375, "pretrain_ari": 0.15717357527737758, "_wandb": {"runtime": 124}}