{"train_ari": 0.13891022586223084, "_timestamp": 1718942493.9162087, "_runtime": 146.3511438369751, "_step": 0, "_wandb": {"runtime": 145}}