{"train_loss": 114.76488413413365, "_timestamp": 1718979155.4380484, "_runtime": 268.0205862522125, "_step": 7, "train_ari": 0.027905018904417614, "pretrain_ari": 0.11080395897478801, "_wandb": {"runtime": 267}}