{"train_loss": 114.51732574899991, "_timestamp": 1718942658.5088065, "_runtime": 133.1143434047699, "_step": 4, "train_ari": 0.1303990403292065, "_wandb": {"runtime": 132}}