{"train_loss": 4138.9098777771, "_timestamp": 1718980066.4745748, "_runtime": 171.2245728969574, "_step": 5, "train_ari": 0.15861019773958435, "pretrain_ari": 0.17197580453801425, "_wandb": {"runtime": 170}}