{"train_loss": 3192.9098739624023, "_timestamp": 1718982365.7817414, "_runtime": 236.8873324394226, "_step": 8, "train_ari": 0.167187372628793, "pretrain_ari": 0.15717357527737758, "_wandb": {"runtime": 236}}