{"train_ari": -0.007531324324149491, "_timestamp": 1718942338.035189, "_runtime": 122.3420569896698, "_step": 0, "_wandb": {"runtime": 121}}