{"train_loss": 512.6951271692911, "_timestamp": 1718942281.2521474, "_runtime": 80.44438934326172, "_step": 3, "train_ari": 0.09514738817657852, "_wandb": {"runtime": 79}}