{"train_loss": 1861.7221209208171, "_timestamp": 1718942826.802516, "_runtime": 158.99635791778564, "_step": 3, "train_ari": 0.167187372628793, "_wandb": {"runtime": 158}}