{"train_loss": 111.70982285340627, "_timestamp": 1718942189.4180741, "_runtime": 80.6679961681366, "_step": 5, "train_ari": -0.005263597627203609, "_wandb": {"runtime": 80}}