{"train_loss": 244.80049200852713, "_timestamp": 1718977250.4849472, "_runtime": 210.27906918525696, "_step": 9, "train_ari": 0.167187372628793, "pretrain_ari": 0.167187372628793, "_wandb": {"runtime": 209}}