{"train_loss": 169.12651435534158, "_timestamp": 1718942391.9892476, "_runtime": 99.47085165977478, "_step": 4, "train_ari": 0.10928571023631947, "_wandb": {"runtime": 98}}