{"train_loss": 97.50442775090535, "_timestamp": 1718978419.5161479, "_runtime": 221.11500191688538, "_step": 10, "train_ari": 0.19431732395711768, "pretrain_ari": 0.11080316492637089, "_wandb": {"runtime": 220}}