{"train_loss": 176.55022857586542, "_timestamp": 1718981131.4116778, "_runtime": 190.28714776039124, "_step": 4, "train_ari": 0.13891022586223084, "pretrain_ari": 0.15717357527737758, "_wandb": {"runtime": 189}}