{"train_loss": 4171.990676879883, "_timestamp": 1718982622.0774267, "_runtime": 249.13966369628906, "_step": 4, "train_ari": 0.14762159372661607, "pretrain_ari": 0.17197580453801425, "_wandb": {"runtime": 248}}