{"train_loss": 1504.46698029836, "_timestamp": 1718976217.3573546, "_runtime": 183.35216569900513, "_step": 7, "train_ari": 0.167187372628793, "pretrain_ari": 0.14988217517692376, "_wandb": {"runtime": 182}}