{"train_ari": 0.167187372628793, "_timestamp": 1718942702.604226, "_runtime": 191.87782216072083, "_step": 0, "_wandb": {"runtime": 191}}