{"train_loss": 113.43524125218391, "_timestamp": 1718980520.2560532, "_runtime": 138.1226441860199, "_step": 8, "train_ari": -0.0007068962918382558, "pretrain_ari": 0.12823064171174875, "_wandb": {"runtime": 137}}