{"train_loss": 4420.95086034139, "_timestamp": 1718976025.9685607, "_runtime": 164.95282673835754, "_step": 4, "train_ari": 0.15821162744188388, "pretrain_ari": 0.17197580453801425, "_wandb": {"runtime": 164}}