{"train_loss": 67.12058138847351, "_timestamp": 1718980931.8555684, "_runtime": 152.90655851364136, "_step": 9, "train_ari": -0.0018488928185406298, "pretrain_ari": 0.19819947955937495, "_wandb": {"runtime": 152}}