{"train_loss": 78.98973555117846, "_timestamp": 1718976495.8991058, "_runtime": 162.8820939064026, "_step": 5, "train_ari": 0.15861019773958435, "pretrain_ari": 0.14086927035327004, "_wandb": {"runtime": 162}}