{"train_loss": 128.20840108394623, "_timestamp": 1718976614.61803, "_runtime": 108.39265608787537, "_step": 5, "train_ari": 0.20362500046200033, "pretrain_ari": 0.16564633060886833, "_wandb": {"runtime": 107}}