{"train_loss": 120.34496281544368, "_timestamp": 1718980372.8715694, "_runtime": 117.55822229385376, "_step": 6, "train_ari": 0.1849787882279736, "pretrain_ari": 0.15717357527737758, "_wandb": {"runtime": 117}}