{"train_loss": 4008.880132039388, "_timestamp": 1718977644.8353825, "_runtime": 102.03427648544312, "_step": 4, "train_ari": 0.15861019773958435, "pretrain_ari": 0.17197580453801425, "_wandb": {"runtime": 101}}