{"train_loss": 184.43845438957214, "_timestamp": 1718983640.4403877, "_runtime": 155.8297746181488, "_step": 5, "train_ari": 0.167187372628793, "pretrain_ari": 0.15653350047834264, "_wandb": {"runtime": 155}}