{"train_loss": 3147.1754150390625, "_timestamp": 1718979317.3195941, "_runtime": 150.712247133255, "_step": 6, "train_ari": 0.15821162744188388, "pretrain_ari": 0.15653350047834264, "_wandb": {"runtime": 150}}