{"train_ari": 0.167187372628793, "_timestamp": 1718942120.168421, "_runtime": 214.0222930908203, "_step": 0, "_wandb": {"runtime": 213}}