{"train_loss": 4050.7329762776694, "_timestamp": 1718983302.7962494, "_runtime": 245.4827013015747, "_step": 7, "train_ari": 0.11229944799616697, "pretrain_ari": 0.13891022586223084, "_wandb": {"runtime": 244}}