{"train_loss": 105.42285943031311, "_timestamp": 1718980244.8230832, "_runtime": 166.75838923454285, "_step": 10, "train_ari": 0.167187372628793, "pretrain_ari": 0.15821162744188388, "_wandb": {"runtime": 166}}