{"train_loss": 3490.411382039388, "_timestamp": 1718979882.8553631, "_runtime": 251.8374011516571, "_step": 7, "train_ari": 0.167187372628793, "pretrain_ari": 0.13891022586223084, "_wandb": {"runtime": 251}}