{"train_loss": 112.52921401460965, "_timestamp": 1718981844.3283386, "_runtime": 222.69377160072327, "_step": 9, "train_ari": 0.25713228278014594, "pretrain_ari": 0.14943907920311375, "_wandb": {"runtime": 222}}