{"train_loss": 53.23741672436396, "_timestamp": 1718983049.1887984, "_runtime": 214.61801552772522, "_step": 7, "train_ari": 0.19419462598651535, "pretrain_ari": 0.14943907920311375, "_wandb": {"runtime": 214}}